# ,Difficulty ,Title 
001,Medium,Two Sum 
002,Medium,Add Two Numbers 
003,Medium,Longest Substring Without Repeating Characters 
004,Hard,Median of Two Sorted Arrays 
005,Medium,Longest Palindromic Substring 
006,Easy,ZigZag Conversion 
007,Easy,Reverse Integer 
008,Easy,String to Integer (atoi) 
009,Easy,Palindrome Number 
010,Hard,Regular Expression Matching 
011,Medium,Container With Most Water 
012,Medium,Integer to Roman 
013,Easy,Roman to Integer 
014,Easy,Longest Common Prefix 
015,Medium,3Sum 
016,Medium,3Sum Closest 
017,Medium,Letter Combinations of a Phone Number 
018,Medium,4Sum 
019,Easy,Remove Nth Node From End of List 
020,Easy,Valid Parentheses 
021,Easy,Merge Two Sorted Lists 
022,Medium,Generate Parentheses 
023,Hard,Merge k Sorted Lists 
024,Medium,Swap Nodes in Pairs 
025,Hard,Reverse Nodes in k-Group 
026,Easy,Remove Duplicates from Sorted Array 
027,Easy,Remove Element 
028,Easy,Implement strStr() 
029,Medium,Divide Two Integers 
030,Hard,Substring with Concatenation of All Words 
031,Medium,Next Permutation 
032,Hard,Longest Valid Parentheses 
033,Hard,Search in Rotated Sorted Array 
034,Medium,Search for a Range 
035,Medium,Search Insert Position 
036,Easy,Valid Sudoku 
037,Hard,Sudoku Solver 
038,Easy,Count and Say 
039,Medium,Combination Sum 
040,Medium,Combination Sum II 
041,Hard,First Missing Positive 
042,Hard,Trapping Rain Water 
043,Medium,Multiply Strings 
044,Hard,Wildcard Matching 
045,Hard,Jump Game II 
046,Medium,Permutations 
047,Medium,Permutations II 
048,Medium,Rotate Image 
049,Medium,Group Anagrams 
050,Medium,"Pow(x, n) "
051,Hard,N-Queens 
052,Hard,N-Queens II 
053,Medium,Maximum Subarray 
054,Medium,Spiral Matrix 
055,Medium,Jump Game 
056,Hard,Merge Intervals 
057,Hard,Insert Interval 
058,Easy,Length of Last Word 
059,Medium,Spiral Matrix II 
060,Medium,Permutation Sequence 
061,Medium,Rotate List 
062,Medium,Unique Paths 
063,Medium,Unique Paths II 
064,Medium,Minimum Path Sum 
065,Hard,Valid Number 
066,Easy,Plus One 
067,Easy,Add Binary 
068,Hard,Text Justification 
069,Medium,Sqrt(x) 
070,Easy,Climbing Stairs 
071,Medium,Simplify Path 
072,Hard,Edit Distance 
073,Medium,Set Matrix Zeroes 
074,Medium,Search a 2D Matrix 
075,Medium,Sort Colors 
076,Hard,Minimum Window Substring 
077,Medium,Combinations 
078,Medium,Subsets 
079,Medium,Word Search 
080,Medium,Remove Duplicates from Sorted Array II 
081,Medium,Search in Rotated Sorted Array II 
082,Medium,Remove Duplicates from Sorted List II 
083,Easy,Remove Duplicates from Sorted List 
084,Hard,Largest Rectangle in Histogram 
085,Hard,Maximal Rectangle 
086,Medium,Partition List 
087,Hard,Scramble String 
088,Easy,Merge Sorted Array 
089,Medium,Gray Code 
090,Medium,Subsets II 
091,Medium,Decode Ways 
092,Medium,Reverse Linked List II 
093,Medium,Restore IP Addresses 
094,Medium,Binary Tree Inorder Traversal 
095,Medium,Unique Binary Search Trees II 
096,Medium,Unique Binary Search Trees 
097,Hard,Interleaving String 
098,Medium,Validate Binary Search Tree 
099,Hard,Recover Binary Search Tree 
100,Easy,Same Tree 
101,Easy,Symmetric Tree 
102,Easy,Binary Tree Level Order Traversal 
103,Medium,Binary Tree Zigzag Level Order Traversal 
104,Easy,Maximum Depth of Binary Tree 
105,Medium,Construct Binary Tree from Preorder and Inorder Traversal 
106,Medium,Construct Binary Tree from Inorder and Postorder Traversal 
107,Easy,Binary Tree Level Order Traversal II 
108,Medium,Convert Sorted Array to Binary Search Tree 
109,Medium,Convert Sorted List to Binary Search Tree 
110,Easy,Balanced Binary Tree 
111,Easy,Minimum Depth of Binary Tree 
112,Easy,Path Sum 
113,Medium,Path Sum II 
114,Medium,Flatten Binary Tree to Linked List 
115,Hard,Distinct Subsequences 
116,Medium,Populating Next Right Pointers in Each Node 
117,Hard,Populating Next Right Pointers in Each Node II 
118,Easy,Pascal's Triangle 
119,Easy,Pascal's Triangle II 
120,Medium,Triangle 
121,Medium,Best Time to Buy and Sell Stock 
122,Medium,Best Time to Buy and Sell Stock II 
123,Hard,Best Time to Buy and Sell Stock III 
124,Hard,Binary Tree Maximum Path Sum 
125,Easy,Valid Palindrome 
126,Hard,Word Ladder II 
127,Medium,Word Ladder 
128,Hard,Longest Consecutive Sequence 
129,Medium,Sum Root to Leaf Numbers 
130,Medium,Surrounded Regions 
131,Medium,Palindrome Partitioning 
132,Hard,Palindrome Partitioning II 
133,Medium,Clone Graph 
134,Medium,Gas Station 
135,Hard,Candy 
136,Medium,Single Number 
137,Medium,Single Number II 
138,Hard,Copy List with Random Pointer 
139,Medium,Word Break 
140,Hard,Word Break II 
141,Medium,Linked List Cycle 
142,Medium,Linked List Cycle II 
143,Medium,Reorder List 
144,Medium,Binary Tree Preorder Traversal 
145,Hard,Binary Tree Postorder Traversal 
146,Hard,LRU Cache 
147,Medium,Insertion Sort List 
148,Medium,Sort List 
149,Hard,Max Points on a Line 
150,Medium,Evaluate Reverse Polish Notation 
151,Medium,Reverse Words in a String 
152,Medium,Maximum Product Subarray 
153,Medium,Find Minimum in Rotated Sorted Array 
154,Hard,Find Minimum in Rotated Sorted Array II 
155,Easy,Min Stack 
156,Medium,Binary Tree Upside Down 
157,Easy,Read N Characters Given Read4 
158,Hard,Read N Characters Given Read4 II - Call multiple times 
159,Hard,Longest Substring with At Most Two Distinct Characters 
160,Easy,Intersection of Two Linked Lists 
161,Medium,One Edit Distance 
162,Medium,Find Peak Element 
163,Medium,Missing Ranges 
164,Hard,Maximum Gap 
165,Easy,Compare Version Numbers 
166,Medium,Fraction to Recurring Decimal 
167,Medium,Two Sum II - Input array is sorted 
168,Easy,Excel Sheet Column Title 
169,Easy,Majority Element 
170,Easy,Two Sum III - Data structure design 
171,Easy,Excel Sheet Column Number 
172,Easy,Factorial Trailing Zeroes 
173,Medium,Binary Search Tree Iterator 
174,Hard,Dungeon Game 
179,Medium,Largest Number 
186,Medium,Reverse Words in a String II 
187,Medium,Repeated DNA Sequences 
188,Hard,Best Time to Buy and Sell Stock IV 
189,Easy,Rotate Array 
190,Easy,Reverse Bits 
191,Easy,Number of 1 Bits 
198,Easy,House Robber 
199,Medium,Binary Tree Right Side View 
200,Medium,Number of Islands 
201,Medium,Bitwise AND of Numbers Range 
202,Easy,Happy Number 
203,Easy,Remove Linked List Elements 
204,Easy,Count Primes 
205,Easy,Isomorphic Strings 
206,Easy,Reverse Linked List 
207,Medium,Course Schedule 
208,Medium,Implement Trie (Prefix Tree) 
209,Medium,Minimum Size Subarray Sum 
210,Medium,Course Schedule II 
211,Medium,Add and Search Word - Data structure design 
212,Hard,Word Search II 
213,Medium,House Robber II 
214,Hard,Shortest Palindrome 
215,Medium,Kth Largest Element in an Array 
216,Medium,Combination Sum III 
217,Easy,Contains Duplicate 
218,Hard,The Skyline Problem 
219,Easy,Contains Duplicate II 
220,Medium,Contains Duplicate III 
221,Medium,Maximal Square 
222,Medium,Count Complete Tree Nodes 
223,Easy,Rectangle Area 
224,Medium,Basic Calculator 
225,Easy,Implement Stack using Queues 
226,Easy,Invert Binary Tree 
227,Medium,Basic Calculator II 
228,Easy,Summary Ranges 
229,Medium,Majority Element II 
230,Medium,Kth Smallest Element in a BST 
231,Easy,Power of Two 
232,Easy,Implement Queue using Stacks 
233,Medium,Number of Digit One 
234,Easy,Palindrome Linked List 
235,Easy,Lowest Common Ancestor of a Binary Search Tree 
236,Medium,Lowest Common Ancestor of a Binary Tree 
237,Easy,Delete Node in a Linked List 
238,Medium,Product of Array Except Self 
239,Hard,Sliding Window Maximum 
240,Medium,Search a 2D Matrix II 
241,Medium,Different Ways to Add Parentheses 
242,Easy,Valid Anagram 
243,Easy,Shortest Word Distance 
244,Medium,Shortest Word Distance II 
245,Medium,Shortest Word Distance III 
246,Easy,Strobogrammatic Number 
247,Medium,Strobogrammatic Number II 
248,Hard,Strobogrammatic Number III 
249,Easy,Group Shifted Strings 
250,Medium,Count Univalue Subtrees 
251,Medium,Flatten 2D Vector 
252,Easy,Meeting Rooms 
253,Medium,Meeting Rooms II 
254,Medium,Factor Combinations 
255,Medium,Verify Preorder Sequence in Binary Search Tree 
256,Medium,Paint House 
257,Easy,Binary Tree Paths 
258,Easy,Add Digits 
259,Medium,3Sum Smaller 
260,Medium,Single Number III 
261,Medium,Graph Valid Tree 
263,Easy,Ugly Number 
264,Medium,Ugly Number II 
265,Hard,Paint House II 
266,Easy,Palindrome Permutation 
267,Medium,Palindrome Permutation II 
268,Medium,Missing Number 
269,Hard,Alien Dictionary 
270,Easy,Closest Binary Search Tree Value 
271,Medium,Encode and Decode Strings 
272,Hard,Closest Binary Search Tree Value II 
273,Medium,Integer to English Words 
274,Medium,H-Index 
275,Medium,H-Index II 
276,Easy,Paint Fence 
277,Medium,Find the Celebrity 
278,Easy,First Bad Version 
279,Medium,Perfect Squares 
280,Medium,Wiggle Sort 
281,Medium,Zigzag Iterator 
282,Hard,Expression Add Operators 
283,Easy,Move Zeroes 
284,Medium,Peeking Iterator 
285,Medium,Inorder Successor in BST 
286,Medium,Walls and Gates 
287,Hard,Find the Duplicate Number 
288,Easy,Unique Word Abbreviation 
289,Medium,Game of Life 
290,Easy,Word Pattern 
291,Hard,Word Pattern II 
292,Easy,Nim Game 
293,Easy,Flip Game 
294,Medium,Flip Game II 
295,Hard,Find Median from Data Stream 
296,Hard,Best Meeting Point 
297,Medium,Serialize and Deserialize Binary Tree 
298,Medium,Binary Tree Longest Consecutive Sequence 
299,Easy,Bulls and Cows 
300,Medium,Longest Increasing Subsequence 
301,Hard,Remove Invalid Parentheses 
302,Hard,Smallest Rectangle Enclosing Black Pixels 
303,Easy,Range Sum Query - Immutable 
304,Medium,Range Sum Query 2D - Immutable 
305,Hard,Number of Islands II 
306,Medium,Additive Number 
307,Medium,Range Sum Query - Mutable 
308,Hard,Range Sum Query 2D - Mutable 
309,Medium,Best Time to Buy and Sell Stock with Cooldown 
310,Medium,Minimum Height Trees 
311,Medium,Sparse Matrix Multiplication 
312,Hard,Burst Balloons 
313,Medium,Super Ugly Number 
314,Medium,Binary Tree Vertical Order Traversal 
315,Hard,Count of Smaller Numbers After Self 
